,train_loss,test_loss,train_reg_loss,test_reg_loss,train_cla_loss,test_cla_loss,train_cla_accuray,test_cla_accuray
0,1.1115476387952055,0.8514140721248544,0.0264718002262747,0.0055353026027264805,1.0850758388017614,0.8458787695221279,0.7205387205387206,0.7108433734939759
