,train_loss,test_loss,train_reg_loss,test_reg_loss,train_cla_loss,test_cla_loss,train_cla_accuray,test_cla_accuray
0,18083.307892958666,24.238742350210718,18081.97199533425,24.077322506486453,1.3358976244170009,0.1614198437242681,0.9626373626373627,0.96045197740113
1,5789.894357292765,2.0922460363382864,5789.35010330244,1.9272915654423066,0.5442539903253398,0.1649544708959796,0.9626373626373627,0.96045197740113
2,18228.18032438172,7.422472259075185,18226.98354474739,7.266511450851882,1.196779634330429,0.1559608082233028,0.9626373626373627,0.96045197740113
